1,Batz Group,89448 Mcbride Lane,dclews0@amazonaws.com,318-297-7514
2,"Morar, Rodriguez and Runte",9 Holmberg Terrace,bjanjusevic1@i2i.jp,810-953-8522
3,Reichert and Sons,1523 Chinook Pass,smapledorum2@twitter.com,988-405-4294
4,Bradtke-Heidenreich,075 Banding Pass,scasperri3@exblog.jp,270-545-0983
5,Schowalter Inc,14 Esker Drive,owyllt4@soup.io,237-192-7149
6,"Toy, Rosenbaum and Pfannerstill",74 Sutherland Point,cspraggs5@nature.com,795-124-7613
7,"Wisoky, Wyman and Murazik",2 Little Fleur Place,aerangey6@prweb.com,782-340-2152
8,Rice-Schmitt,5 Derek Street,sfolkerts7@51.la,609-475-2758
9,Erdman and Sons,83 Derek Junction,nelles8@ask.com,723-857-1531
10,"Pfeffer, Johns and Nikolaus",827 Charing Cross Junction,aperrycost9@discovery.com,197-181-2074
11,Nolan-Hoeger,9599 Dahle Trail,acrippesa@canalblog.com,734-620-6717
12,"Volkman, Bergnaum and Hahn",50730 Anhalt Crossing,itrevillionb@feedburner.com,948-343-5105
13,Prohaska-Quitzon,325 Arkansas Court,dwhippc@house.gov,502-580-6995
14,Goyette and Sons,49 Old Gate Drive,apallind@ehow.com,773-637-9802
15,Schneider LLC,7470 Kings Trail,lbutterfinte@webmd.com,927-677-2006
16,"Muller, Collier and Schumm",39433 Vahlen Lane,bpetrovykhf@wordpress.org,789-282-8284
17,"Kulas, Rolfson and Bosco",50610 Forest Circle,lwhiterodg@mysql.com,619-656-9189
18,"Toy, Wolff and Ledner",195 Riverside Trail,mgallafanth@wp.com,967-396-1507
19,"Goyette, Frami and Thompson",996 Thierer Trail,hwalaroni@senate.gov,763-947-7338
20,Mayert-Heathcote,8 2nd Drive,ftreharnej@lycos.com,479-306-7551
21,Muller-Pfeffer,4 North Terrace,gquibellk@huffingtonpost.com,229-263-4047
22,Schneider Inc,86 Corscot Center,vchuggl@woothemes.com,371-681-8411
23,Barrows-Klein,308 Nelson Crossing,aglasebrookm@miitbeian.gov.cn,915-558-4141
24,Steuber-Kiehn,43 Hazelcrest Parkway,gcrosthwaiten@prnewswire.com,432-556-7405
25,Rodriguez-Turcotte,171 Spohn Place,ktrenoutho@apple.com,537-830-2262
26,Kris Group,9 Cottonwood Park,jclemensp@moonfruit.com,274-882-7888
27,"Trantow, Schaden and Strosin",9386 Chinook Crossing,tinkpenq@domainmarket.com,902-170-8944
28,Kunde and Sons,178 Steensland Way,pdomnineyr@cargocollective.com,858-845-6297
29,Fritsch-Feil,4 Lake View Park,jgreschkes@eepurl.com,380-913-3071
30,"Pouros, Berge and Stanton",64402 Bobwhite Hill,adelafeldt@wunderground.com,128-968-6004
